key,summary,description,environment,status,resolution,priority,technology,category,error_signature,root_cause,resolution_steps,evidence_logs,components,labels,affected_service,pipeline_job,knowledge_article,created,resolved
DEVOPS-1001,ImagePullBackOff por credenciales expiradas de registry,Incidente sintético de PoC relacionado con imagepullbackoff por credenciales expiradas de registry. Se requiere triage y diagnóstico inicial.,UAT,Done,Fixed,High,Kubernetes,Containers / Registry,Failed to pull image: unauthorized: authentication required | ImagePullBackOff,El imagePullSecret contenía credenciales expiradas para el registry privado.,Se confirmó imagen/tag; se renovó la credencial mediante el proceso autorizado; se actualizó el imagePullSecret y se verificó un pull exitoso.,Failed to pull image: unauthorized: authentication required,Kubernetes,containers;kubernetes;registry,api-clientes,deploy-uat / deploy,KB-001,2026-01-12T09:14:00,2026-01-12T10:34:00
DEVOPS-1002,ImagePullBackOff por imagePullSecret inexistente,Incidente sintético de PoC relacionado con imagepullbackoff por imagepullsecret inexistente. Se requiere triage y diagnóstico inicial.,DEV,Done,Fixed,Medium,Kubernetes,Containers / Registry,FailedToRetrieveImagePullSecret | ErrImagePull | ImagePullBackOff,El namespace nuevo no tenía el imagePullSecret requerido y el ServiceAccount no lo referenciaba.,Se verificó el ServiceAccount; se creó el secret autorizado; se asoció y se validó el pull.,FailedToRetrieveImagePullSecret,Kubernetes,containers;kubernetes;registry,portal-api,deploy-dev / deploy,KB-001,2026-01-20T10:14:00,2026-01-20T12:41:00
DEVOPS-1003,CrashLoopBackOff por variable de entorno faltante,Incidente sintético de PoC relacionado con crashloopbackoff por variable de entorno faltante. Se requiere triage y diagnóstico inicial.,UAT,Done,Fixed,High,Kubernetes,Runtime / Configuration,Application startup failed: DB_SCHEMA is missing | CrashLoopBackOff,La variable DB_SCHEMA requerida no estaba definida en el ConfigMap de UAT.,Se revisaron logs previos; se comparó configuración DEV/UAT; se agregó DB_SCHEMA por el proceso autorizado y se validó readiness.,Application startup failed: DB_SCHEMA is missing,Kubernetes,configuration;kubernetes;runtime,boveda-api,deploy-uat / deploy,KB-002,2026-01-28T11:14:00,2026-01-28T14:48:00
DEVOPS-1004,CrashLoopBackOff por endpoint de base de datos incorrecto,Incidente sintético de PoC relacionado con crashloopbackoff por endpoint de base de datos incorrecto. Se requiere triage y diagnóstico inicial.,UAT,Done,Fixed,High,Kubernetes,Runtime / Configuration,SQLRecoverableException: could not establish the connection | CrashLoopBackOff,El host de base de datos configurado en UAT no correspondía al endpoint autorizado.,Se comparó configuración con inventario; se corrigió el valor mediante el proceso de secretos y se verificó estabilidad.,SQLRecoverableException: could not establish the connection,Kubernetes,configuration;kubernetes;runtime,estado-cuenta-api,deploy-uat / deploy,KB-002,2026-02-05T12:14:00,2026-02-05T13:55:00
DEVOPS-1005,OOMKilled por límite de memoria insuficiente,Incidente sintético de PoC relacionado con oomkilled por límite de memoria insuficiente. Se requiere triage y diagnóstico inicial.,UAT,Done,Fixed,High,Kubernetes,Resources / Capacity,Reason: OOMKilled | Exit Code: 137,El límite de 512Mi era inferior al pico observado durante el procesamiento.,Se confirmó OOMKilled; se revisó consumo; se ajustaron requests/limits con evidencia de carga y se repitió la prueba.,Reason: OOMKilled,Kubernetes,capacity;kubernetes;resources,reportes-api,deploy-uat / smoke-test,KB-003,2026-02-13T13:14:00,2026-02-13T16:02:00
DEVOPS-1006,OOMKilled por heap Java sin margen de memoria nativa,Incidente sintético de PoC relacionado con oomkilled por heap java sin margen de memoria nativa. Se requiere triage y diagnóstico inicial.,DEV,Done,Fixed,Medium,Kubernetes / Java,Resources / Capacity,OOMKilled | Exit Code 137 | Java process,El heap máximo de JVM no dejaba margen suficiente para memoria nativa dentro del límite del contenedor.,Se revisó configuración JVM y límite; se redujo el heap máximo y se repitió carga controlada.,OOMKilled,Kubernetes; Java,capacity;java;kubernetes;resources,calculo-api,deploy-dev / load-test,KB-003,2026-02-21T09:14:00,2026-02-21T12:34:00
DEVOPS-1007,Pipeline Maven falla por pruebas unitarias,Incidente sintético de PoC relacionado con pipeline maven falla por pruebas unitarias. Se requiere triage y diagnóstico inicial.,CI,Done,Fixed,Medium,Maven / GitHub Actions,CI/CD / Tests,There are test failures | BUILD FAILURE | UserServiceTest,Un cambio en UserService alteró el comportamiento esperado y el test quedó desactualizado.,Se revisó el primer test fallido; se reprodujo localmente; se corrigió código/test y el pipeline posterior pasó.,There are test failures,Maven; GitHub Actions,cd;ci;github-actions;maven;tests,usuarios-api,ci / unit-tests,KB-004,2026-03-01T10:14:00,2026-03-01T11:41:00
DEVOPS-1008,Pipeline Maven falla por dependencia no resoluble,Incidente sintético de PoC relacionado con pipeline maven falla por dependencia no resoluble. Se requiere triage y diagnóstico inicial.,CI,Done,Fixed,High,Maven / CI/CD,CI/CD / Dependencies,Could not resolve dependencies | artifact not found,El runner no estaba usando el repositorio corporativo correcto.,Se confirmó existencia del artefacto; se corrigió la configuración de repositorio del runner y se reejecutó el build.,Could not resolve dependencies,Maven; CI/CD,cd;ci;dependencies;maven,derivados-api,ci / build,KB-004,2026-03-09T11:14:00,2026-03-09T13:48:00
DEVOPS-1009,Quality Gate de SonarQube falla por cobertura en código nuevo,Incidente sintético de PoC relacionado con quality gate de sonarqube falla por cobertura en código nuevo. Se requiere triage y diagnóstico inicial.,CI,Done,Fixed,Medium,SonarQube / CI/CD,CI/CD / Quality,QUALITY GATE STATUS: FAILED | Coverage on New Code is 42.3%,Archivos nuevos quedaron sin pruebas y la cobertura cayó por debajo del umbral.,Se revisó la condición fallida; se agregaron pruebas; se ejecutó un nuevo análisis y el gate pasó.,QUALITY GATE STATUS: FAILED,SonarQube; CI/CD,cd;ci;quality;sonarqube,portal-backend,ci / sonar,KB-005,2026-03-17T12:14:00,2026-03-17T15:55:00
DEVOPS-1010,SonarQube reporta cobertura 0 por lcov ausente,Incidente sintético de PoC relacionado con sonarqube reporta cobertura 0 por lcov ausente. Se requiere triage y diagnóstico inicial.,CI,Done,Fixed,Medium,SonarQube / Angular,CI/CD / Quality,No LCOV files were found using sonar.javascript.lcov.reportPaths,La ruta configurada no coincidía con el lcov.info generado.,Se verificó la generación del archivo; se corrigió la ruta; se reejecutó scanner y se validó importación.,No LCOV files were found using sonar.javascript.lcov.reportPaths,SonarQube; Angular,angular;cd;ci;quality;sonarqube,portal-web,ci / sonar,KB-005,2026-03-25T13:14:00,2026-03-25T15:02:00
DEVOPS-1011,Deployment exceeded its progress deadline por readiness 404,Incidente sintético de PoC relacionado con deployment exceeded its progress deadline por readiness 404. Se requiere triage y diagnóstico inicial.,UAT,Done,Fixed,High,Kubernetes,Deployment / Health,ProgressDeadlineExceeded | readiness probe HTTP 404,La readiness probe apuntaba a una ruta que cambió en la nueva versión.,Se revisaron conditions y probes; se corrigió la ruta de readiness y se validó disponibilidad.,ProgressDeadlineExceeded,Kubernetes,deployment;health;kubernetes,monitoreo-api,deploy-uat / rollout,KB-006,2026-04-02T09:14:00,2026-04-02T11:34:00
DEVOPS-1012,Readiness probe falla por puerto incorrecto,Incidente sintético de PoC relacionado con readiness probe falla por puerto incorrecto. Se requiere triage y diagnóstico inicial.,DEV,Done,Fixed,Medium,Kubernetes,Deployment / Health,Readiness probe failed: connection refused | ProgressDeadlineExceeded,La readiness consultaba 8080 y el contenedor escuchaba 8081.,Se comparó containerPort con probe; se corrigió el puerto y se verificó Ready=true.,Readiness probe failed: connection refused,Kubernetes,deployment;health;kubernetes,catalogos-api,deploy-dev / rollout,KB-006,2026-04-10T10:14:00,2026-04-10T13:41:00
DEVOPS-1013,Docker build falla por espacio insuficiente en runner,Incidente sintético de PoC relacionado con docker build falla por espacio insuficiente en runner. Se requiere triage y diagnóstico inicial.,CI,Done,Fixed,Medium,Docker / CI/CD,CI/CD / Build,failed to register layer: no space left on device,El runner self-hosted acumuló imágenes y capas antiguas hasta agotar filesystem.,Se verificó uso de disco; se aplicó el procedimiento de mantenimiento autorizado y se ajustó mantenimiento preventivo.,failed to register layer: no space left on device,Docker; CI/CD,build;cd;ci;docker,runner-self-hosted,ci / docker-build,KB-007,2026-04-18T11:14:00,2026-04-18T12:48:00
DEVOPS-1014,PVC permanece Pending por StorageClass inexistente,Incidente sintético de PoC relacionado con pvc permanece pending por storageclass inexistente. Se requiere triage y diagnóstico inicial.,DEV,Done,Fixed,Medium,Kubernetes,Storage,"PVC Pending | storageclass.storage.k8s.io ""fast-ssd"" not found",El manifiesto solicitaba una StorageClass no disponible en el cluster.,Se revisaron eventos y clases disponibles; se corrigió referencia según estándar y el PVC pasó a Bound.,PVC Pending,Kubernetes,kubernetes;storage,documentos-api,deploy-dev / deploy,KB-008,2026-04-26T12:14:00,2026-04-26T14:55:00
DEVOPS-1015,Pod Pending por CPU insuficiente,Incidente sintético de PoC relacionado con pod pending por cpu insuficiente. Se requiere triage y diagnóstico inicial.,UAT,Done,Fixed,High,Kubernetes,Resources / Capacity,0/3 nodes are available: 3 Insufficient cpu | Pending,Las requests de CPU del deployment no podían ser satisfechas por los nodos disponibles.,Se revisaron eventos y capacidad; se ajustaron requests con base en medición y se validó scheduling.,0/3 nodes are available: 3 Insufficient cpu,Kubernetes,capacity;kubernetes;resources,calculo-batch,deploy-uat / rollout,KB-008,2026-05-04T13:14:00,2026-05-04T17:02:00
DEVOPS-1016,Checkout de repositorio falla por token revocado,Incidente sintético de PoC relacionado con checkout de repositorio falla por token revocado. Se requiere triage y diagnóstico inicial.,CI,Done,Fixed,High,Git / CI/CD,CI/CD / Authentication,fatal: Authentication failed | HTTP 401,El token del runner había sido revocado.,Se confirmó disponibilidad del repo; se generó credencial autorizada de mínimo alcance y se actualizó por el proceso seguro.,fatal: Authentication failed,Git; CI/CD,authentication;cd;ci;git,repository-checkout,ci / checkout,KB-004,2026-05-12T09:14:00,2026-05-12T10:34:00
DEVOPS-1017,Helm upgrade falla por valor requerido ausente,Incidente sintético de PoC relacionado con helm upgrade falla por valor requerido ausente. Se requiere triage y diagnóstico inicial.,UAT,Done,Fixed,Medium,Helm / Kubernetes,CI/CD / Deployment,execution error at <required>: app.image.tag is required,El values de UAT no definía app.image.tag requerido por la plantilla.,Se renderizó el chart; se corrigió el values; se validó helm template antes del upgrade real.,execution error at <required>: app.image.tag is required,Helm; Kubernetes,cd;ci;deployment;helm;kubernetes,portal-web,deploy-uat / helm-upgrade,KB-006,2026-05-20T10:14:00,2026-05-20T12:41:00
